sentence,sentiment,date
"Amazing quality, fast delivery.",negative,2024-11-03 05:58:13
It exceeded my expectations.,positive,2024-06-28 11:42:32
"Amazing quality, fast delivery.",positive,2025-03-13 18:33:27
Great value and works perfectly.,negative,2024-04-08 14:33:44
Great value and works perfectly.,negative,2025-02-18 11:17:20
Great value and works perfectly.,negative,2024-03-04 05:08:18
Not as described.,positive,2025-02-23 23:59:43
Absolutely love it!,positive,2025-03-18 19:28:38
Very disappointing product.,positive,2024-08-15 23:08:08
It broke after a week.,positive,2024-07-07 21:17:46
It broke after a week.,positive,2025-03-05 16:08:49
Excellent customer service.,negative,2024-10-22 04:36:17
Great value and works perfectly.,positive,2024-08-29 23:02:24
"Terrible experience, wouldn't recommend.",negative,2025-02-24 08:13:05
"Amazing quality, fast delivery.",negative,2024-01-26 18:13:40
It broke after a week.,negative,2024-04-24 18:25:34
It exceeded my expectations.,negative,2024-08-14 00:38:09
It broke after a week.,negative,2024-05-22 17:36:46
Great value and works perfectly.,negative,2024-11-30 18:57:37
Very disappointing product.,positive,2025-01-11 15:15:00
Excellent customer service.,positive,2024-08-15 11:44:22
Would buy again.,negative,2024-04-08 17:51:02
Would buy again.,negative,2024-03-07 22:03:49
Would buy again.,negative,2024-12-24 20:29:35
Absolutely love it!,positive,2025-04-30 10:01:27
Very disappointing product.,positive,2024-02-21 15:07:44
It exceeded my expectations.,negative,2024-02-04 20:50:15
Not as described.,positive,2025-01-19 17:01:27
Absolutely love it!,negative,2024-10-26 14:27:25
It broke after a week.,negative,2024-10-06 19:36:11
Not as described.,positive,2024-01-11 19:39:32
Very disappointing product.,negative,2024-05-19 18:54:59
It broke after a week.,negative,2024-04-18 16:27:35
"Terrible experience, wouldn't recommend.",negative,2024-11-03 03:53:37
Very disappointing product.,positive,2024-02-26 22:31:56
Very disappointing product.,negative,2025-03-20 12:46:17
Absolutely love it!,positive,2024-12-15 11:30:53
Would buy again.,positive,2024-02-26 08:20:26
It broke after a week.,negative,2024-11-14 23:19:32
Very disappointing product.,positive,2024-08-28 04:32:06
"Amazing quality, fast delivery.",positive,2025-05-05 02:58:53
Great value and works perfectly.,negative,2024-02-03 21:25:13
Absolutely love it!,positive,2024-11-17 11:54:35
It exceeded my expectations.,positive,2024-04-03 02:03:07
Not as described.,negative,2024-07-22 05:36:02
It broke after a week.,negative,2024-11-17 15:36:08
Great value and works perfectly.,negative,2025-04-13 02:28:51
Would buy again.,positive,2025-05-22 18:20:56
Great value and works perfectly.,negative,2024-07-18 12:56:24
Absolutely love it!,negative,2024-01-28 07:34:39
"Terrible experience, wouldn't recommend.",positive,2024-11-27 11:03:54
Excellent customer service.,negative,2024-02-12 03:36:54
Great value and works perfectly.,positive,2024-03-04 12:52:39
Great value and works perfectly.,negative,2024-01-07 06:43:12
Not as described.,negative,2025-03-24 07:28:53
Very disappointing product.,positive,2024-02-13 20:53:19
Great value and works perfectly.,positive,2024-01-21 20:57:42
It exceeded my expectations.,positive,2024-11-19 04:33:53
Not as described.,positive,2025-05-06 08:03:54
Would buy again.,negative,2025-01-16 22:19:59
"Amazing quality, fast delivery.",positive,2024-10-30 04:49:55
Excellent customer service.,negative,2024-10-09 02:16:34
Would buy again.,positive,2024-05-16 11:45:11
It exceeded my expectations.,positive,2024-08-30 08:42:56
Very disappointing product.,negative,2025-05-15 21:02:05
Very disappointing product.,positive,2025-02-28 09:37:04
Absolutely love it!,negative,2024-09-22 12:28:29
Very disappointing product.,positive,2024-06-27 21:36:10
It exceeded my expectations.,negative,2024-01-11 19:25:16
"Amazing quality, fast delivery.",positive,2024-07-29 22:03:49
It broke after a week.,positive,2024-11-14 11:15:15
Not as described.,negative,2024-08-07 18:23:33
It exceeded my expectations.,positive,2024-07-11 02:57:21
Great value and works perfectly.,positive,2024-12-12 10:50:27
Absolutely love it!,negative,2024-02-12 08:16:02
Not as described.,positive,2025-03-07 17:01:38
It broke after a week.,negative,2024-02-14 03:52:32
"Amazing quality, fast delivery.",negative,2024-10-14 04:24:24
It broke after a week.,positive,2024-09-23 02:54:31
Very disappointing product.,positive,2024-03-07 00:20:12
Absolutely love it!,negative,2025-03-23 08:06:13
Would buy again.,negative,2024-03-30 09:07:52
Excellent customer service.,negative,2024-07-01 14:44:23
It exceeded my expectations.,positive,2024-07-09 06:55:12
Great value and works perfectly.,negative,2024-07-18 00:20:34
It exceeded my expectations.,positive,2024-08-04 18:12:13
Not as described.,negative,2025-02-08 13:13:56
"Amazing quality, fast delivery.",positive,2024-03-14 18:34:07
Not as described.,positive,2024-01-10 12:09:31
"Terrible experience, wouldn't recommend.",negative,2024-12-28 11:34:05
"Amazing quality, fast delivery.",positive,2025-01-29 23:29:18
Great value and works perfectly.,negative,2024-11-23 19:30:45
"Amazing quality, fast delivery.",negative,2024-07-13 12:23:34
Excellent customer service.,positive,2024-01-26 18:22:20
Would buy again.,positive,2024-10-04 12:18:14
"Amazing quality, fast delivery.",positive,2025-05-01 02:09:56
Absolutely love it!,positive,2025-04-03 01:01:20
Excellent customer service.,positive,2024-08-23 18:30:03
"Amazing quality, fast delivery.",negative,2024-04-24 02:58:33
Very disappointing product.,positive,2024-07-01 10:38:27
